source_label,source,target_label,target
AM 46 4to,https://handrit.is/en/manuscript/view/AM04-0046,Upplandslagens kyrkobalk,https://handrit.is/en/manuscript/view/AM04-0046#section_4
AM 200 fol.,https://handrit.is/en/manuscript/view/AM02-0200,No Title,https://handrit.is/en/manuscript/view/AM02-0200#section_1
AM 201 fol.,https://handrit.is/en/manuscript/view/AM02-0201,Katalog over Den Arnamagnæanske Håndskriftsamling,https://handrit.is/en/bibliography/view/KKKat
AM 46 4to,https://handrit.is/en/manuscript/view/AM04-0046,More Details,https://handrit.is/en/biography/view/FreRos001
AM 201 fol.,https://handrit.is/en/manuscript/view/AM02-0201,,https://handrit.is/en/manuscript/view.outerlayout.language/is?t:ac=en/AM02-0201
AM 46 4to,https://handrit.is/en/manuscript/view/AM04-0046,«,https://handrit.is/en/manuscript/view/en/AM04-0045
AM 353 4to,https://handrit.is/en/manuscript/view/AM04-0353,»,https://handrit.is/en/manuscript/view/en/AM04-0354
AM 46 4to,https://handrit.is/en/manuscript/view/AM04-0046,King Magnus Eriksson's National Law (for Sweden),https://handrit.is/en/manuscript/view/AM04-0046#section_5
AM 46 4to,https://handrit.is/en/manuscript/view/AM04-0046,The Manorial Court Law,https://handrit.is/en/manuscript/view/AM04-0046#section_3
AM 46 4to,https://handrit.is/en/manuscript/view/AM04-0046,Om Edens Betydning,https://handrit.is/en/manuscript/view/AM04-0046#section_2
Rask 115,https://handrit.is/en/manuscript/view/Rask115,Browse,https://handrit.is/en/manuscript/browse/uniform
Rask 115,https://handrit.is/en/manuscript/view/Rask115,handrit.is,https://handrit.is/en/
AM 46 4to,https://handrit.is/en/manuscript/view/AM04-0046,Laws,https://handrit.is/en/manuscript/list/keyword/log
AM 46 4to,https://handrit.is/en/manuscript/view/AM04-0046,Nine Articles passed by King Gustav and the Cou...,https://handrit.is/en/manuscript/view/AM04-0046#section_8
AM 46 4to,https://handrit.is/en/manuscript/view/AM04-0046,Canon law,https://handrit.is/en/manuscript/list/keyword/klog
AM 46 4to,https://handrit.is/en/manuscript/view/AM04-0046,Sweriges Gamla Lagar 11,https://handrit.is/en/bibliography/view/CorpJur11
AM 46 4to,https://handrit.is/en/manuscript/view/AM04-0046,Sweriges gamla Lagar,https://handrit.is/en/bibliography/view/CorpJur3
AM 46 4to,https://handrit.is/en/manuscript/view/AM04-0046,"Konung Magnus Erikssons Landslag. Codex juris communis Sueciæ Magnæanus, Corpus juris Sueo-Gotorum antiqui: Samling af Sweriges Gamla Lagar",https://handrit.is/en/bibliography/view/CorpJur10
AM 46 4to,https://handrit.is/en/manuscript/view/AM04-0046,On Severe Offences,https://handrit.is/en/manuscript/view/AM04-0046#section_6
Rask 115,https://handrit.is/en/manuscript/view/Rask115,Search,https://handrit.is/en/search/regular
AM 46 4to,https://handrit.is/en/manuscript/view/AM04-0046,Click for larger,https://handrit.is/en/manuscript/imaging/en/AM04-0046/164r-165r#content
Rask 115,https://handrit.is/en/manuscript/view/Rask115,About,https://handrit.is/en/about
AM 201 fol.,https://handrit.is/en/manuscript/view/AM02-0201,View Images,https://handrit.is/en/manuscript/imaging/en/AM02-0201
Rask 115,https://handrit.is/en/manuscript/view/Rask115,Statistics,https://handrit.is/en/statistics
Upplandslagens kyrkobalk,https://handrit.is/en/manuscript/view/AM04-0046#section_4,(1v),https://handrit.is/en/manuscript/imaging/en/AM04-0046/1v#content
No Title,https://handrit.is/en/manuscript/view/AM02-0200#section_1,Send Feedback on Manuscript,https://handrit.is/en/popup/feedback/en/AM02-0200
Katalog over Den Arnamagnæanske Håndskriftsamling,https://handrit.is/en/bibliography/view/KKKat,Acc. 4 c I[6],https://handrit.is/en/manuscript/view/Acc-0004-c-I-6
More Details,https://handrit.is/en/biography/view/FreRos001,AM 9 4to,https://handrit.is/en/manuscript/view/AM04-0009
,https://handrit.is/en/manuscript/view.outerlayout.language/is?t:ac=en/AM02-0201,Leita,https://handrit.is/is/search/regular
Upplandslagens kyrkobalk,https://handrit.is/en/manuscript/view/AM04-0046#section_4,High Quality,https://myndir.handrit.is/file/Handrit.is/AM%2046%204to/2/HIGH_QUALITY_DISPLAY
«,https://handrit.is/en/manuscript/view/en/AM04-0045,Almanacs,https://handrit.is/en/manuscript/list/keyword/alm
»,https://handrit.is/en/manuscript/view/en/AM04-0354,Mythical-heroic sagas,https://handrit.is/en/manuscript/list/keyword/fas
Browse,https://handrit.is/en/manuscript/browse/uniform,Að morgni þegar ég árla uppstá,https://handrit.is/en/manuscript/list/uniform?v=A%C3%B0+morgni+%C3%BEegar+%C3%A9g+%C3%A1rla+uppst%C3%A1
Om Edens Betydning,https://handrit.is/en/manuscript/view/AM04-0046#section_2,Standard,https://myndir.handrit.is/file/Handrit.is/AM%2046%204to/294/WEB_DISPLAY
handrit.is,https://handrit.is/en/,View All,https://handrit.is/en/manuscript/list/collection/JSFragm
Laws,https://handrit.is/en/manuscript/list/keyword/log,2,https://handrit.is/en/manuscript/list.browser.pager/2?t:ac=keyword/log
handrit.is,https://handrit.is/en/,AM 66 fol.,https://handrit.is/en/manuscript/view/AM02-066
handrit.is,https://handrit.is/en/,ÍB 501 4to,https://handrit.is/en/manuscript/view/is/IB04-0501
Browse,https://handrit.is/en/manuscript/browse/uniform,Agnesarkvæði (7),https://handrit.is/en/manuscript/list/uniform?v=Agnesarkv%C3%A6%C3%B0i
The Manorial Court Law,https://handrit.is/en/manuscript/view/AM04-0046#section_3,Download as XML,https://handrit.is/en/manuscript/xml/AM04-0046-en.xml
Browse,https://handrit.is/en/manuscript/browse/uniform,Arfleiðingarbréf.,https://handrit.is/en/manuscript/list/uniform?v=Arflei%C3%B0ingarbr%C3%A9f.
Browse,https://handrit.is/en/manuscript/browse/uniform,Alþingisbækur Íslands,https://handrit.is/en/manuscript/list/uniform?v=Al%C3%BEingisb%C3%A6kur+%C3%8Dslands
«,https://handrit.is/en/manuscript/view/en/AM02-020-h,Árni Magnússon,https://handrit.is/en/biography/view/ArnMag001
Browse,https://handrit.is/en/manuscript/browse/uniform,Andra saga (2),https://handrit.is/en/manuscript/list/uniform?v=Andra+saga
Browse,https://handrit.is/en/manuscript/browse/uniform,Af kóngssyni ok kóngsdóttur,https://handrit.is/en/manuscript/list/uniform?v=Af+k%C3%B3ngssyni+ok+k%C3%B3ngsd%C3%B3ttur
handrit.is,https://handrit.is/en/,AM 673 b 4to,https://handrit.is/en/manuscript/view/AM04-0673-b
More Details,https://handrit.is/en/biography/view/ArnMag001,11,https://handrit.is/en/biography/view.outputassociatedmanuscripts.associated_manuscripts.pager/11?t:ac=ArnMag001
Browse,https://handrit.is/en/manuscript/browse/uniform,Auðnubraut æskunnar (2),https://handrit.is/en/manuscript/list/uniform?v=Au%C3%B0nubraut+%C3%A6skunnar
,https://handrit.is/en/manuscript/view.outerlayout.language/is?t:ac=en/AM08-265,Sækja XML færslu,https://handrit.is/is/manuscript/xml/AM08-265-en.xml
Browse,https://handrit.is/en/manuscript/browse/uniform,Andlátsfregn séra Lárus Mikael Sigmundsson Johnsen,https://handrit.is/en/manuscript/list/uniform?v=Andl%C3%A1tsfregn+s%C3%A9ra+L%C3%A1rus+Mikael+Sigmundsson+Johnsen
,https://handrit.is/en/manuscript/view.outerlayout.language/da?t:ac=en/AM04-0353,Hjem,https://handrit.is/da/
More Details,https://handrit.is/en/biography/view/ArnMag001,10,https://handrit.is/en/biography/view.outputassociatedmanuscripts.associated_manuscripts.pager/10?t:ac=ArnMag001
,https://handrit.is/en/manuscript/view.outerlayout.language/is?t:ac=en/AM02-0200,Heim,https://handrit.is/is/
handrit.is,https://handrit.is/en/,Lbs 72 4to,https://handrit.is/en/manuscript/view/is/Lbs04-0072
Laws,https://handrit.is/en/manuscript/list/keyword/log,6,https://handrit.is/en/manuscript/list.browser.pager/6?t:ac=keyword/log
Browse,https://handrit.is/en/manuscript/browse/uniform,Ad nonam,https://handrit.is/en/manuscript/list/uniform?v=Ad+nonam
,https://handrit.is/en/manuscript/list/keyword/sagnfr,Show All,https://handrit.is/en/manuscript/list/keyword/sagnfr?showall.browser=1
Browse,https://handrit.is/en/manuscript/browse/uniform,Annalistic Notes Concerning Denmark,https://handrit.is/en/manuscript/list/uniform?v=Annalistic+Notes+Concerning+Denmark
Browse,https://handrit.is/en/manuscript/browse/uniform,Amicus och Amelius,https://handrit.is/en/manuscript/list/uniform?v=Amicus+och+Amelius
handrit.is,https://handrit.is/en/,AM 132 fol.,https://handrit.is/en/manuscript/view/is/AM02-0132
,https://handrit.is/en/manuscript/list/keyword/sagnfr,AM 85 4to,https://handrit.is/en/manuscript/view/AM04-0085
Browse,https://handrit.is/en/manuscript/browse/uniform,Agnesar saga meyiar,https://handrit.is/en/manuscript/list/uniform?v=Agnesar+saga+meyiar
handrit.is,https://handrit.is/en/,AM 738 4to,https://handrit.is/en/manuscript/view/is/AM04-0738
Browse,https://handrit.is/en/manuscript/browse/uniform,Andrahaus,https://handrit.is/en/manuscript/list/uniform?v=Andrahaus
Upplandslagens kyrkobalk,https://handrit.is/en/manuscript/view/AM04-0046#section_4,(148v-163v),https://handrit.is/en/manuscript/imaging/en/AM04-0046/148v-163v#content
,https://handrit.is/en/manuscript/view.outerlayout.language/da?t:ac=en/Rask115,Rasmus Rask,https://handrit.is/da/biography/view/RasRas001
Browse,https://handrit.is/en/manuscript/browse/uniform,Alþingis og héraðsdómar 1489-1746,https://handrit.is/en/manuscript/list/uniform?v=Al%C3%BEingis+og+h%C3%A9ra%C3%B0sd%C3%B3mar+1489-1746
Browse,https://handrit.is/en/manuscript/browse/uniform,Argenis,https://handrit.is/en/manuscript/list/uniform?v=Argenis
"Konung Magnus Erikssons Landslag. Codex juris communis Sueciæ Magnæanus, Corpus juris Sueo-Gotorum antiqui: Samling af Sweriges Gamla Lagar",https://handrit.is/en/bibliography/view/CorpJur10,,https://handrit.is/en/manuscript/view/da/AM04-0053
«,https://handrit.is/en/manuscript/view/en/AM04-0045,Remedies,https://handrit.is/en/manuscript/view/en/AM04-0045#section_3
Browse,https://handrit.is/en/manuscript/browse/uniform,Aðskiljanlegar Historiur,https://handrit.is/en/manuscript/list/uniform?v=A%C3%B0skiljanlegar+Historiur
,https://handrit.is/en/manuscript/view.outerlayout.language/da?t:ac=en/AM08-265,handrit.org,https://handrit.is/da/
Browse,https://handrit.is/en/manuscript/browse/uniform,Alcuini de virtutibus et vitiis liber,https://handrit.is/en/manuscript/list/uniform?v=Alcuini+de+virtutibus+et+vitiis+liber
handrit.is,https://handrit.is/en/,Lbs fragm 82,https://handrit.is/en/manuscript/view/is/LbsFragm-0082
,https://handrit.is/en/manuscript/view.outerlayout.language/is?t:ac=en/AM04-0353,Vafra,https://handrit.is/is/manuscript/browse/uniform
Sweriges gamla Lagar,https://handrit.is/en/bibliography/view/CorpJur3,Shelfmark,https://handrit.is/en/bibliography/view.outputassociatedmanuscripts.associated_manuscripts.columns:sort/shelfmark?t:ac=CorpJur3
More Details,https://handrit.is/en/biography/view/ArnMag001,AM 1 d alfa fol.,https://handrit.is/en/manuscript/view/AM02-0001-d-alpha
The Manorial Court Law,https://handrit.is/en/manuscript/view/AM04-0046#section_3,Frederik Rostgaard,https://handrit.is/en/biography/view/FreRos001
Browse,https://handrit.is/en/manuscript/browse/uniform,Ajax saga keisarasonar (8),https://handrit.is/en/manuscript/list/uniform?v=Ajax+saga+keisarasonar
,https://handrit.is/en/manuscript/view.outerlayout.language/da?t:ac=en/AM02-0201,Om handrit.org,https://handrit.is/da/about
Search,https://handrit.is/en/search/regular,Go to Power Search,https://handrit.is/en/search/power
Browse,https://handrit.is/en/manuscript/browse/uniform,Af einsetumanni ok engli,https://handrit.is/en/manuscript/list/uniform?v=Af+einsetumanni+ok+engli
,https://handrit.is/en/manuscript/list/keyword/sagnfr,AM 95 fol.,https://handrit.is/en/manuscript/view/AM02-0095
handrit.is,https://handrit.is/en/,AM 225 fol.,https://handrit.is/en/manuscript/view/AM02-225
handrit.is,https://handrit.is/en/,Icelandic ballad,https://handrit.is/en/search/results/wPYjV7
Browse,https://handrit.is/en/manuscript/browse/uniform,Af nísku útreið,https://handrit.is/en/manuscript/list/uniform?v=Af+n%C3%ADsku+%C3%BAtrei%C3%B0
»,https://handrit.is/en/manuscript/view/en/AM04-0354,Kålund,https://handrit.is/en/biography/view/KriKaa001
Browse,https://handrit.is/en/manuscript/browse/uniform,Aví mig Drottinn dýri,https://handrit.is/en/manuscript/list/uniform?v=Av%C3%AD+mig+Drottinn+d%C3%BDri
handrit.is,https://handrit.is/en/,AM 674 a 4to,https://handrit.is/en/manuscript/view/AM04-0674-a
Browse,https://handrit.is/en/manuscript/browse/uniform,Arons ríma hersis (2),https://handrit.is/en/manuscript/list/uniform?v=Arons+r%C3%ADma+hersis
Browse,https://handrit.is/en/manuscript/browse/uniform,Arild og Ånden,https://handrit.is/en/manuscript/list/uniform?v=Arild+og+%C3%85nden
On Severe Offences,https://handrit.is/en/manuscript/view/AM04-0046#section_6,(147v-148v),https://handrit.is/en/manuscript/imaging/en/AM04-0046/147v-148v#content
,https://handrit.is/en/manuscript/list/keyword/kvad,3,https://handrit.is/en/manuscript/list.browser.pager/3?t:ac=keyword/kvad
Browse,https://handrit.is/en/manuscript/browse/uniform,Ambáles rímur,https://handrit.is/en/manuscript/list/uniform?v=Amb%C3%A1les+r%C3%ADmur
Browse,https://handrit.is/en/manuscript/browse/uniform,Administrator Ari,https://handrit.is/en/manuscript/list/uniform?v=Administrator+Ari
»,https://handrit.is/en/manuscript/view/en/AM02-0202-g,Silvia Hufnagel,https://handrit.is/en/biography/view/SilHuf001
Browse,https://handrit.is/en/manuscript/browse/uniform,Akuryrkja í Noregi,https://handrit.is/en/manuscript/list/uniform?v=Akuryrkja+%C3%AD+Noregi
Canon law,https://handrit.is/en/manuscript/list/keyword/klog,Home,https://handrit.is/en/
,https://handrit.is/en/manuscript/view.outerlayout.language/is?t:ac=en/AM08-265,Um handrit.is,https://handrit.is/is/about
Browse,https://handrit.is/en/manuscript/browse/uniform,Arinbjarnarkviðu,https://handrit.is/en/manuscript/list/uniform?v=Arinbjarnarkvi%C3%B0u
handrit.is,https://handrit.is/en/,ÍBR 1 4to,https://handrit.is/en/manuscript/view/is/IBR04-0001
Browse,https://handrit.is/en/manuscript/browse/uniform,Ad tertiam,https://handrit.is/en/manuscript/list/uniform?v=Ad+tertiam
Browse,https://handrit.is/en/manuscript/browse/uniform,Nicknames,https://handrit.is/en/manuscript/browse/alias
Browse,https://handrit.is/en/manuscript/browse/uniform,Andlegt versasafn,https://handrit.is/en/manuscript/list/uniform?v=Andlegt+versasafn
Browse,https://handrit.is/en/manuscript/browse/uniform,Axarhamarsmáldagi,https://handrit.is/en/manuscript/list/uniform?v=Axarhamarsm%C3%A1ldagi
«,https://handrit.is/en/manuscript/view/en/AM02-020-h,Birger Thorlacius,https://handrit.is/en/biography/view/BirTho001
King Magnus Eriksson's National Law (for Sweden),https://handrit.is/en/manuscript/view/AM04-0046#section_7,(2r-6v),https://handrit.is/en/manuscript/imaging/en/AM04-0046/2r-6v#content
Click for larger,https://handrit.is/en/manuscript/imaging/en/AM04-0046/164r-165r#content,Close,javascript:;
Katalog over Den Arnamagnæanske Håndskriftsamling,https://handrit.is/en/bibliography/view/KKKat,Acc. 4 c I[4],https://handrit.is/en/manuscript/view/Acc-0004-c-I-4
Browse,https://handrit.is/en/manuscript/browse/uniform,Almanac for the Year 1841,https://handrit.is/en/manuscript/list/uniform?v=Almanac+for+the+Year+1841
handrit.is,https://handrit.is/en/,Runic manuscripts,https://handrit.is/en/search/results/B1KrKQ
Browse,https://handrit.is/en/manuscript/browse/uniform,Allra kappa kvæði,https://handrit.is/en/manuscript/list/uniform?v=Allra+kappa+kv%C3%A6%C3%B0i
Canon law,https://handrit.is/en/manuscript/list/keyword/klog,4,https://handrit.is/en/manuscript/list.browser.pager/4?t:ac=keyword/klog
,https://handrit.is/en/manuscript/list/keyword/sagnfr,AM 330 fol.,https://handrit.is/en/manuscript/view/AM02-0330
More Details,https://handrit.is/en/biography/view/FreRos001,AM 8 8vo,https://handrit.is/en/manuscript/view/AM08-008
Browse,https://handrit.is/en/manuscript/browse/uniform,Agnesar saga (4),https://handrit.is/en/manuscript/list/uniform?v=Agnesar+saga
King Magnus Eriksson's National Law (for Sweden),https://handrit.is/en/manuscript/view/AM04-0046#section_7,(27r-147v),https://handrit.is/en/manuscript/imaging/en/AM04-0046/27r-147v#content
Browse,https://handrit.is/en/manuscript/browse/uniform,Annálar,https://handrit.is/en/manuscript/list/uniform?v=Ann%C3%A1lar
handrit.is,https://handrit.is/en/,JS 129 fol.,https://handrit.is/en/manuscript/view/is/JS02-0129
handrit.is,https://handrit.is/en/,AM 45 fol.,https://handrit.is/en/manuscript/view/AM02-045
Browse,https://handrit.is/en/manuscript/browse/uniform,Alþingisbækur,https://handrit.is/en/manuscript/list/uniform?v=Al%C3%BEingisb%C3%A6kur
,https://handrit.is/en/manuscript/list/keyword/sagnfr,AM 31 fol.,https://handrit.is/en/manuscript/view/AM02-0031
Browse,https://handrit.is/en/manuscript/browse/uniform,Alexander blindi,https://handrit.is/en/manuscript/list/uniform?v=Alexander+blindi
Browse,https://handrit.is/en/manuscript/browse/uniform,Ambrósíus saga og Rósamundu (16),https://handrit.is/en/manuscript/list/uniform?v=Ambr%C3%B3s%C3%ADus+saga+og+R%C3%B3samundu
Browse,https://handrit.is/en/manuscript/browse/uniform,"Altera constitutio Olavi, 1377 (2)",https://handrit.is/en/manuscript/list/uniform?v=Altera+constitutio+Olavi%2C+1377
Browse,https://handrit.is/en/manuscript/browse/uniform,Additamenta et observationes,https://handrit.is/en/manuscript/list/uniform?v=Additamenta+et+observationes
handrit.is,https://handrit.is/en/,JS 41 4to,https://handrit.is/en/manuscript/view/is/JS04-0041
,https://handrit.is/en/manuscript/list/keyword/kvad,9,https://handrit.is/en/manuscript/list.browser.pager/9?t:ac=keyword/kvad
Katalog over Den Arnamagnæanske Håndskriftsamling,https://handrit.is/en/bibliography/view/KKKat,Acc. 4 c I[7],https://handrit.is/en/manuscript/view/Acc-0004-c-I-7
Sweriges Gamla Lagar 11,https://handrit.is/en/bibliography/view/CorpJur11,AM 45 4to,https://handrit.is/en/manuscript/view/AM04-0045
More Details,https://handrit.is/en/biography/view/FreRos001,Title and details,https://handrit.is/en/biography/view.outputassociatedmanuscripts.associated_manuscripts.columns:sort/title?t:ac=FreRos001
Browse,https://handrit.is/en/manuscript/browse/uniform,Apostelsagaer,https://handrit.is/en/manuscript/list/uniform?v=Apostelsagaer
Browse,https://handrit.is/en/manuscript/browse/uniform,Alexander mikli,https://handrit.is/en/manuscript/list/uniform?v=Alexander+mikli
Browse,https://handrit.is/en/manuscript/browse/uniform,Annálar frá heimsins upphafi og til þessa tíma anno 1667,https://handrit.is/en/manuscript/list/uniform?v=Ann%C3%A1lar+fr%C3%A1+heimsins+upphafi+og+til+%C3%BEessa+t%C3%ADma+anno+1667
handrit.is,https://handrit.is/en/,AM 677 4to,https://handrit.is/en/manuscript/view/AM04-0677
Browse,https://handrit.is/en/manuscript/browse/uniform,Að mæla þríhyrning og hring,https://handrit.is/en/manuscript/list/uniform?v=A%C3%B0+m%C3%A6la+%C3%BEr%C3%ADhyrning+og+hring
More Details,https://handrit.is/en/biography/view/ArnMag001,Acc. 1,https://handrit.is/en/manuscript/view/Acc-0001
Browse,https://handrit.is/en/manuscript/browse/uniform,Andvaraleysið,https://handrit.is/en/manuscript/list/uniform?v=Andvaraleysi%C3%B0
Browse,https://handrit.is/en/manuscript/browse/uniform,Auðunar þáttur vestfirska (14),https://handrit.is/en/manuscript/list/uniform?v=Au%C3%B0unar+%C3%BE%C3%A1ttur+vestfirska
,https://handrit.is/en/manuscript/view.outerlayout.language/is?t:ac=en/Rask115,Gera athugasemdir við Handrit,https://handrit.is/is/popup/feedback/en/Rask115
More Details,https://handrit.is/en/biography/view/FreRos001,AM 1 f fol.,https://handrit.is/en/manuscript/view/AM02-0001-f
handrit.is,https://handrit.is/en/,AM 519 a 4to,https://handrit.is/en/manuscript/view/AM04-0519-a
«,https://handrit.is/en/manuscript/view/en/AM04-0045,Annals,https://handrit.is/en/manuscript/list/keyword/annal
Om Edens Betydning,https://handrit.is/en/manuscript/view/AM04-0046#section_2,"Uplandslagen. Codex juris Uplandici, Corpus juris Sueo-Gotorum antiqui: Samling af Sweriges Gamla Lagar",https://handrit.is/en/bibliography/view/CorpJur3
Katalog over Den Arnamagnæanske Håndskriftsamling,https://handrit.is/en/bibliography/view/KKKat,Acc. 4 c I[1],https://handrit.is/en/manuscript/view/Acc-0004-c-I-1
Browse,https://handrit.is/en/manuscript/browse/uniform,Aspergaris Aqua,https://handrit.is/en/manuscript/list/uniform?v=Aspergaris+Aqua
Katalog over Den Arnamagnæanske Håndskriftsamling,https://handrit.is/en/bibliography/view/KKKat,309,https://handrit.is/en/bibliography/view.outputassociatedmanuscripts.associated_manuscripts.pager/309?t:ac=KKKat
On Severe Offences,https://handrit.is/en/manuscript/view/AM04-0046#section_6,"Konung Magnus Erikssons Stadslag. Codex iuris urbici Magnæanus, Corpus juris Sueo-Gotorum antiqui: Samling af Sweriges Gamla Lagar",https://handrit.is/en/bibliography/view/CorpJur11
Katalog over Den Arnamagnæanske Håndskriftsamling,https://handrit.is/en/bibliography/view/KKKat,7,https://handrit.is/en/bibliography/view.outputassociatedmanuscripts.associated_manuscripts.pager/7?t:ac=KKKat
»,https://handrit.is/en/manuscript/view/en/AM04-0354,Fornaldar sögur Nordrlanda: Eptir gömlum handritum,https://handrit.is/en/bibliography/view/FASNRafn
Browse,https://handrit.is/en/manuscript/browse/uniform,Afturgöngur,https://handrit.is/en/manuscript/list/uniform?v=Afturg%C3%B6ngur
«,https://handrit.is/en/manuscript/view/en/AM02-020-h,Kings' sagas,https://handrit.is/en/manuscript/list/keyword/kon
The Manorial Court Law,https://handrit.is/en/manuscript/view/AM04-0046#section_3,(164r-165r),https://handrit.is/en/manuscript/imaging/en/AM04-0046/164r-165r#content
Browse,https://handrit.is/en/manuscript/browse/uniform,Arvebalken,https://handrit.is/en/manuscript/list/uniform?v=Arvebalken
More Details,https://handrit.is/en/biography/view/ArnMag001,AM 1 b fol.,https://handrit.is/en/manuscript/view/AM02-0001-b
Browse,https://handrit.is/en/manuscript/browse/uniform,Uniform Titles,https://handrit.is/en/manuscript/browse/uniform
Browse,https://handrit.is/en/manuscript/browse/uniform,Alexanders saga og Loðvíks,https://handrit.is/en/manuscript/list/uniform?v=Alexanders+saga+og+Lo%C3%B0v%C3%ADks
handrit.is,https://handrit.is/en/,JS 484 a 4to,https://handrit.is/en/manuscript/view/is/JS04-0484-a
Browse,https://handrit.is/en/manuscript/browse/uniform,Arngríms synir,https://handrit.is/en/manuscript/list/uniform?v=Arngr%C3%ADms+synir
handrit.is,https://handrit.is/en/,Lbs 520 8vo,https://handrit.is/en/manuscript/view/is/Lbs08-0520
,https://handrit.is/en/manuscript/view.outerlayout.language/is?t:ac=en/Rask115,Enginn titill,https://handrit.is/is/manuscript/view/en/Rask115#section_1
Browse,https://handrit.is/en/manuscript/browse/uniform,Annotationes aliquot in librum legis Islandorum,https://handrit.is/en/manuscript/list/uniform?v=Annotationes+aliquot+in+librum+legis+Islandorum
handrit.is,https://handrit.is/en/,Alþingi Archives,https://handrit.is/en/institution/collectionsview/SAL
,https://handrit.is/en/manuscript/list/keyword/sagnfr,8,https://handrit.is/en/manuscript/list.browser.pager/8?t:ac=keyword/sagnfr
Browse,https://handrit.is/en/manuscript/browse/uniform,Apollonius saga (9),https://handrit.is/en/manuscript/list/uniform?v=Apollonius+saga
handrit.is,https://handrit.is/en/,AM 344 fol.,https://handrit.is/en/manuscript/view/is/AM02-0344
Browse,https://handrit.is/en/manuscript/browse/uniform,Annálar Björns á Skarðsá,https://handrit.is/en/manuscript/list/uniform?v=Ann%C3%A1lar+Bj%C3%B6rns+%C3%A1+Skar%C3%B0s%C3%A1
Browse,https://handrit.is/en/manuscript/browse/uniform,Afmælisgjafirnar,https://handrit.is/en/manuscript/list/uniform?v=Afm%C3%A6lisgjafirnar
Browse,https://handrit.is/en/manuscript/browse/uniform,Ambáles saga (22),https://handrit.is/en/manuscript/list/uniform?v=Amb%C3%A1les+saga
Canon law,https://handrit.is/en/manuscript/list/keyword/klog,AM 41 4to,https://handrit.is/en/manuscript/view/AM04-0041
,https://handrit.is/en/manuscript/view.outerlayout.language/is?t:ac=en/AM02-0200,Tölfræði,https://handrit.is/is/statistics
Browse,https://handrit.is/en/manuscript/browse/uniform,Articles by the Clerk Thord,https://handrit.is/en/manuscript/list/uniform?v=Articles+by+the+Clerk+Thord
Canon law,https://handrit.is/en/manuscript/list/keyword/klog,Id,https://handrit.is/en/manuscript/list.browser.columns:sort/id?t:ac=keyword/klog
Browse,https://handrit.is/en/manuscript/browse/uniform,Aflmikill stormur yfir hafið skríður,https://handrit.is/en/manuscript/list/uniform?v=Aflmikill+stormur+yfir+hafi%C3%B0+skr%C3%AD%C3%B0ur
handrit.is,https://handrit.is/en/,AM 122 b fol.,https://handrit.is/en/manuscript/view/is/AM02-0122b
Browse,https://handrit.is/en/manuscript/browse/uniform,Abbeden og hans fosterfader,https://handrit.is/en/manuscript/list/uniform?v=Abbeden+og+hans+fosterfader
Browse,https://handrit.is/en/manuscript/browse/uniform,Atlamál hin grænlensku,https://handrit.is/en/manuscript/list/uniform?v=Atlam%C3%A1l+hin+gr%C3%A6nlensku
,https://handrit.is/en/manuscript/view.outerlayout.language/da?t:ac=en/AM02-0201,Søg,https://handrit.is/da/search/regular
,https://handrit.is/en/manuscript/view.outerlayout.language/da?t:ac=en/AM02-0200,Statistik,https://handrit.is/da/statistics
,https://handrit.is/en/manuscript/list/keyword/kvad,Keyword,https://handrit.is/en/manuscript/browse/keyword
,https://handrit.is/en/manuscript/list/keyword/sagnfr,15,https://handrit.is/en/manuscript/list.browser.pager/15?t:ac=keyword/sagnfr
Browse,https://handrit.is/en/manuscript/browse/uniform,Ajax saga frækna (19),https://handrit.is/en/manuscript/list/uniform?v=Ajax+saga+fr%C3%A6kna
Browse,https://handrit.is/en/manuscript/browse/uniform,Að ég láti um þig vísu fjúka (2),https://handrit.is/en/manuscript/list/uniform?v=A%C3%B0+%C3%A9g+l%C3%A1ti+um+%C3%BEig+v%C3%ADsu+fj%C3%BAka
Browse,https://handrit.is/en/manuscript/browse/uniform,Af Einari og Birni hinum vestfirska,https://handrit.is/en/manuscript/list/uniform?v=Af+Einari+og+Birni+hinum+vestfirska
Browse,https://handrit.is/en/manuscript/browse/uniform,Annotationes aliqvot chronologicæ,https://handrit.is/en/manuscript/list/uniform?v=Annotationes+aliqvot+chronologic%C3%A6
Canon law,https://handrit.is/en/manuscript/list/keyword/klog,5,https://handrit.is/en/manuscript/list.browser.pager/5?t:ac=keyword/klog
handrit.is,https://handrit.is/en/,AM 350 fol.,https://handrit.is/en/manuscript/view/is/AM02-0350
handrit.is,https://handrit.is/en/,AM 28 8vo,https://handrit.is/en/manuscript/view/AM08-028
Browse,https://handrit.is/en/manuscript/browse/uniform,Annotationes vetustæ,https://handrit.is/en/manuscript/list/uniform?v=Annotationes+vetust%C3%A6
More Details,https://handrit.is/en/biography/view/ArnMag001,190,https://handrit.is/en/biography/view.outputassociatedmanuscripts.associated_manuscripts.pager/190?t:ac=ArnMag001
handrit.is,https://handrit.is/en/,AM 468 4to,https://handrit.is/en/manuscript/view/AM04-0468
More Details,https://handrit.is/en/biography/view/ArnMag001,Íslenzkar æviskrár frá landnámstímun til ársloka 1940,https://handrit.is/en/bibliography/view/IsAev
Browse,https://handrit.is/en/manuscript/browse/uniform,Arvebalk,https://handrit.is/en/manuscript/list/uniform?v=Arvebalk
King Magnus Eriksson's National Law (for Sweden),https://handrit.is/en/manuscript/view/AM04-0046#section_7,(6v-27r),https://handrit.is/en/manuscript/imaging/en/AM04-0046/6v-27r#content
Browse,https://handrit.is/en/manuscript/browse/uniform,Atla saga Ótryggssonar (11),https://handrit.is/en/manuscript/list/uniform?v=Atla+saga+%C3%93tryggssonar
Browse,https://handrit.is/en/manuscript/browse/uniform,Ad completorium,https://handrit.is/en/manuscript/list/uniform?v=Ad+completorium
Browse,https://handrit.is/en/manuscript/browse/uniform,Athugasemdir við Egils sögu Skallagrímssonar,https://handrit.is/en/manuscript/list/uniform?v=Athugasemdir+vi%C3%B0+Egils+s%C3%B6gu+Skallagr%C3%ADmssonar
Browse,https://handrit.is/en/manuscript/browse/uniform,Ave dextra manus Christi,https://handrit.is/en/manuscript/list/uniform?v=Ave+dextra+manus+Christi
,https://handrit.is/en/manuscript/list/keyword/sagnfr,AM 37 4to,https://handrit.is/en/manuscript/view/AM04-0037
Browse,https://handrit.is/en/manuscript/browse/uniform,Amphitheatro Naturæ,https://handrit.is/en/manuscript/list/uniform?v=Amphitheatro+Natur%C3%A6
Browse,https://handrit.is/en/manuscript/browse/uniform,Arvebǫlkr (2),https://handrit.is/en/manuscript/list/uniform?v=Arveb%C7%ABlkr
Browse,https://handrit.is/en/manuscript/browse/uniform,Arnbjörg æruprýdd dáindis kvinna á Vestfjörðum Íslands,https://handrit.is/en/manuscript/list/uniform?v=Arnbj%C3%B6rg+%C3%A6rupr%C3%BDdd+d%C3%A1indis+kvinna+%C3%A1+Vestfj%C3%B6r%C3%B0um+%C3%8Dslands
Laws,https://handrit.is/en/manuscript/list/keyword/log,AM 299 fol.,https://handrit.is/en/manuscript/view/AM02-0299
handrit.is,https://handrit.is/en/,GKS 2365 4to,https://handrit.is/en/manuscript/view/is/GKS04-2365
,https://handrit.is/en/manuscript/view.outerlayout.language/da?t:ac=en/AM02-0201,Hent som XML,https://handrit.is/da/manuscript/xml/AM02-0201-en.xml
Browse,https://handrit.is/en/manuscript/browse/uniform,Auga þitt settu sál mín á,https://handrit.is/en/manuscript/list/uniform?v=Auga+%C3%BEitt+settu+s%C3%A1l+m%C3%ADn+%C3%A1
Browse,https://handrit.is/en/manuscript/browse/uniform,Af Brandi Grímssyni og Kolbeini,https://handrit.is/en/manuscript/list/uniform?v=Af+Brandi+Gr%C3%ADmssyni+og+Kolbeini
«,https://handrit.is/en/manuscript/view/en/AM04-0045,Henrik Harpestreng,https://handrit.is/en/biography/view/HenHar001
Browse,https://handrit.is/en/manuscript/browse/uniform,Arvetallet,https://handrit.is/en/manuscript/list/uniform?v=Arvetallet
«,https://handrit.is/en/manuscript/view/en/AM04-0045,Liturgics,https://handrit.is/en/manuscript/list/keyword/helgs
Browse,https://handrit.is/en/manuscript/browse/uniform,Alexis saga,https://handrit.is/en/manuscript/list/uniform?v=Alexis+saga
Browse,https://handrit.is/en/manuscript/browse/uniform,Annars erindi rekur,https://handrit.is/en/manuscript/list/uniform?v=Annars+erindi+rekur
Browse,https://handrit.is/en/manuscript/browse/uniform,Argenis Meleandersdóttir,https://handrit.is/en/manuscript/list/uniform?v=Argenis+Meleandersd%C3%B3ttir
«,https://handrit.is/en/manuscript/view/en/AM04-0045,Magnus Eriksson's Town Law,https://handrit.is/en/manuscript/view/en/AM04-0045#section_1
Browse,https://handrit.is/en/manuscript/browse/uniform,Að vekja upp draug,https://handrit.is/en/manuscript/list/uniform?v=A%C3%B0+vekja+upp+draug
Browse,https://handrit.is/en/manuscript/browse/uniform,A Christian Alphabet,https://handrit.is/en/manuscript/list/uniform?v=A+Christian+Alphabet
handrit.is,https://handrit.is/en/,Digitized manuscripts,https://handrit.is/en/search/results/fzGgFf
Browse,https://handrit.is/en/manuscript/browse/uniform,Annales Lundenses (2),https://handrit.is/en/manuscript/list/uniform?v=Annales+Lundenses
Browse,https://handrit.is/en/manuscript/browse/uniform,Af hverju er þá rifið?,https://handrit.is/en/manuscript/list/uniform?v=Af+hverju+er+%C3%BE%C3%A1+rifi%C3%B0%3F
Browse,https://handrit.is/en/manuscript/browse/uniform,Adónías saga (23),https://handrit.is/en/manuscript/list/uniform?v=Ad%C3%B3n%C3%ADas+saga
Browse,https://handrit.is/en/manuscript/browse/uniform,Alle Helgens Litani,https://handrit.is/en/manuscript/list/uniform?v=Alle+Helgens+Litani
Browse,https://handrit.is/en/manuscript/browse/uniform,Alexanders rímur og Loðvíks,https://handrit.is/en/manuscript/list/uniform?v=Alexanders+r%C3%ADmur+og+Lo%C3%B0v%C3%ADks
«,https://handrit.is/en/manuscript/view/en/AM02-020-h,University Library of Copenhagen,https://handrit.is/en/organization/view/KB
Browse,https://handrit.is/en/manuscript/browse/uniform,Articuli Thordonis legiferi (4),https://handrit.is/en/manuscript/list/uniform?v=Articuli+Thordonis+legiferi
Browse,https://handrit.is/en/manuscript/browse/uniform,Adonias saga (2),https://handrit.is/en/manuscript/list/uniform?v=Adonias+saga
Browse,https://handrit.is/en/manuscript/browse/uniform,Ambrosius saga ok Rosamundu,https://handrit.is/en/manuscript/list/uniform?v=Ambrosius+saga+ok+Rosamundu
handrit.is,https://handrit.is/en/,ÍB 174 8vo,https://handrit.is/en/manuscript/view/is/IB08-0174
Browse,https://handrit.is/en/manuscript/browse/uniform,"Anda þinn, Guð, mér gef þú víst …",https://handrit.is/en/manuscript/list/uniform?v=Anda+%C3%BEinn%2C+Gu%C3%B0%2C+m%C3%A9r+gef+%C3%BE%C3%BA+v%C3%ADst+%E2%80%A6
Browse,https://handrit.is/en/manuscript/browse/uniform,Andlegar spurningar og svör,https://handrit.is/en/manuscript/list/uniform?v=Andlegar+spurningar+og+sv%C3%B6r
handrit.is,https://handrit.is/en/,National Archives of Iceland,https://handrit.is/en/institution/collectionsview/TSI
Browse,https://handrit.is/en/manuscript/browse/uniform,Ad primam,https://handrit.is/en/manuscript/list/uniform?v=Ad+primam
»,https://handrit.is/en/manuscript/view/en/AM02-0202-g,Sigurður á Ferju,https://handrit.is/en/biography/view/SigMag003
«,https://handrit.is/en/manuscript/view/en/AM04-0045,Rules for Single Combat,https://handrit.is/en/manuscript/view/en/AM04-0045#section_7
,https://handrit.is/en/manuscript/view.outerlayout.language/da?t:ac=en/Rask115,Ingen titel,https://handrit.is/da/manuscript/view/en/Rask115#section_1
Browse,https://handrit.is/en/manuscript/browse/uniform,Arons saga Hjörleifssonar (19),https://handrit.is/en/manuscript/list/uniform?v=Arons+saga+Hj%C3%B6rleifssonar
Browse,https://handrit.is/en/manuscript/browse/uniform,Alexandreis (3),https://handrit.is/en/manuscript/list/uniform?v=Alexandreis
Browse,https://handrit.is/en/manuscript/browse/uniform,Afrit af vitnisburðarbréfi um jörðina Munaðarnes,https://handrit.is/en/manuscript/list/uniform?v=Afrit+af+vitnisbur%C3%B0arbr%C3%A9fi+um+j%C3%B6r%C3%B0ina+Muna%C3%B0arnes
Browse,https://handrit.is/en/manuscript/browse/uniform,Andrasaga,https://handrit.is/en/manuscript/list/uniform?v=Andrasaga
Browse,https://handrit.is/en/manuscript/browse/uniform,Alexanders saga mikla,https://handrit.is/en/manuscript/list/uniform?v=Alexanders+saga+mikla
Browse,https://handrit.is/en/manuscript/browse/uniform,Articuli Thordonis,https://handrit.is/en/manuscript/list/uniform?v=Articuli+Thordonis
Browse,https://handrit.is/en/manuscript/browse/uniform,Arvebogen (5),https://handrit.is/en/manuscript/list/uniform?v=Arvebogen
«,https://handrit.is/en/manuscript/view/en/AM02-020-h,Knýtlinga saga,https://handrit.is/en/manuscript/view/en/AM02-020-h#section_1
Browse,https://handrit.is/en/manuscript/browse/uniform,Amicus and Amelius,https://handrit.is/en/manuscript/list/uniform?v=Amicus+and+Amelius
Browse,https://handrit.is/en/manuscript/browse/uniform,Alvíssmál (17),https://handrit.is/en/manuscript/list/uniform?v=Alv%C3%ADssm%C3%A1l
Canon law,https://handrit.is/en/manuscript/list/keyword/klog,AM 39 4to,https://handrit.is/en/manuscript/view/AM04-0039
,https://handrit.is/en/manuscript/list/keyword/kvad,AM 65 fol.,https://handrit.is/en/manuscript/view/AM02-0065
Canon law,https://handrit.is/en/manuscript/list/keyword/klog,AM 162 L fol.,https://handrit.is/en/manuscript/view/AM02-0162-L
Browse,https://handrit.is/en/manuscript/browse/uniform,Abba Nóa,https://handrit.is/en/manuscript/list/uniform?v=Abba+N%C3%B3a
Browse,https://handrit.is/en/manuscript/browse/uniform,Arnþór á Sandi,https://handrit.is/en/manuscript/list/uniform?v=Arn%C3%BE%C3%B3r+%C3%A1+Sandi
»,https://handrit.is/en/manuscript/view/en/AM02-0202-g,Rauðúlfs þáttr,https://handrit.is/en/manuscript/view/en/AM02-0202-g#part_1_section_2
Browse,https://handrit.is/en/manuscript/browse/uniform,Almanak for 1846,https://handrit.is/en/manuscript/list/uniform?v=Almanak+for+1846
Browse,https://handrit.is/en/manuscript/browse/uniform,Arinbjarnarkviða (6),https://handrit.is/en/manuscript/list/uniform?v=Arinbjarnarkvi%C3%B0a
Browse,https://handrit.is/en/manuscript/browse/uniform,Asvaldsnes-sten 1,https://handrit.is/en/manuscript/list/uniform?v=Asvaldsnes-sten+1
Browse,https://handrit.is/en/manuscript/browse/uniform,Allt um síðir á enda líður (2),https://handrit.is/en/manuscript/list/uniform?v=Allt+um+s%C3%AD%C3%B0ir+%C3%A1+enda+l%C3%AD%C3%B0ur
,https://handrit.is/en/manuscript/list/keyword/sagnfr,AM 22 fol.,https://handrit.is/en/manuscript/view/AM02-0022
Browse,https://handrit.is/en/manuscript/browse/uniform,Arne Magnussons optegnelser om Konungs skuggsjá-håndskrifter,https://handrit.is/en/manuscript/list/uniform?v=Arne+Magnussons+optegnelser+om+Konungs+skuggsj%C3%A1-h%C3%A5ndskrifter
Browse,https://handrit.is/en/manuscript/browse/uniform,Af Höllu og Elínu,https://handrit.is/en/manuscript/list/uniform?v=Af+H%C3%B6llu+og+El%C3%ADnu
«,https://handrit.is/en/manuscript/view/en/AM04-0045,Healing,https://handrit.is/en/manuscript/list/keyword/lakn
Laws,https://handrit.is/en/manuscript/list/keyword/log,AM 315 g fol.,https://handrit.is/en/manuscript/view/AM02-0315-g
Browse,https://handrit.is/en/manuscript/browse/uniform,Annála bæklingr,https://handrit.is/en/manuscript/list/uniform?v=Ann%C3%A1la+b%C3%A6klingr
,https://handrit.is/en/manuscript/view.outerlayout.language/is?t:ac=en/AM08-265,Ítarlegri upplýsingar,https://handrit.is/is/biography/view/ArnMag001
Browse,https://handrit.is/en/manuscript/browse/uniform,Andreas drápa postula (2),https://handrit.is/en/manuscript/list/uniform?v=Andreas+dr%C3%A1pa+postula
handrit.is,https://handrit.is/en/,ÍB 62 fol.,https://handrit.is/en/manuscript/view/is/IB02-0062
Browse,https://handrit.is/en/manuscript/browse/uniform,Aðra betur en sjálfan sig (2),https://handrit.is/en/manuscript/list/uniform?v=A%C3%B0ra+betur+en+sj%C3%A1lfan+sig
«,https://handrit.is/en/manuscript/view/en/AM04-0045,Masses,https://handrit.is/en/manuscript/list/keyword/tid
Browse,https://handrit.is/en/manuscript/browse/uniform,Api á Apavatni,https://handrit.is/en/manuscript/list/uniform?v=Api+%C3%A1+Apavatni
Browse,https://handrit.is/en/manuscript/browse/uniform,Anabasis (2),https://handrit.is/en/manuscript/list/uniform?v=Anabasis
Browse,https://handrit.is/en/manuscript/browse/uniform,Almanak for 1843,https://handrit.is/en/manuscript/list/uniform?v=Almanak+for+1843
Browse,https://handrit.is/en/manuscript/browse/uniform,Annla bklingr,https://handrit.is/en/manuscript/list/uniform?v=Annla+bklingr
Browse,https://handrit.is/en/manuscript/browse/uniform,Af biskupi ok púka,https://handrit.is/en/manuscript/list/uniform?v=Af+biskupi+ok+p%C3%BAka
Browse,https://handrit.is/en/manuscript/browse/uniform,Af Þorbirne Kallz efni,https://handrit.is/en/manuscript/list/uniform?v=Af+%C3%9Eorbirne+Kallz+efni
Browse,https://handrit.is/en/manuscript/browse/uniform,Annales Fuldenses,https://handrit.is/en/manuscript/list/uniform?v=Annales+Fuldenses
handrit.is,https://handrit.is/en/,Chart with Pictures,https://handrit.is/en/search/results/MzYYjz
«,https://handrit.is/en/manuscript/view/en/AM02-020-h,Thorlacius,https://handrit.is/en/biography/view/BirTho001
handrit.is,https://handrit.is/en/,National Library of Sweden,https://handrit.is/en/institution/collectionsview/KBS
Browse,https://handrit.is/en/manuscript/browse/uniform,Antiphonarium (18),https://handrit.is/en/manuscript/list/uniform?v=Antiphonarium
Browse,https://handrit.is/en/manuscript/browse/uniform,Arild and the Spirit,https://handrit.is/en/manuscript/list/uniform?v=Arild+and+the+Spirit
Browse,https://handrit.is/en/manuscript/browse/uniform,Agathu saga meyjar,https://handrit.is/en/manuscript/list/uniform?v=Agathu+saga+meyjar
,https://handrit.is/en/manuscript/view.outerlayout.language/da?t:ac=en/Rask115,Flere detaljer,https://handrit.is/da/biography/view/RasRas001
Browse,https://handrit.is/en/manuscript/browse/uniform,Anna Brade's Prayer Book,https://handrit.is/en/manuscript/list/uniform?v=Anna+Brade%27s+Prayer+Book
Browse,https://handrit.is/en/manuscript/browse/uniform,Amíkus saga og Amilíus,https://handrit.is/en/manuscript/list/uniform?v=Am%C3%ADkus+saga+og+Amil%C3%ADus
Laws,https://handrit.is/en/manuscript/list/keyword/log,AM 315 e fol.,https://handrit.is/en/manuscript/view/AM02-0315-e
handrit.is,https://handrit.is/en/,JS 227 8vo,https://handrit.is/en/manuscript/view/is/JS08-0227
Browse,https://handrit.is/en/manuscript/browse/uniform,Allir eru breiskir,https://handrit.is/en/manuscript/list/uniform?v=Allir+eru+breiskir
Browse,https://handrit.is/en/manuscript/browse/uniform,Aphorismen über das tragische,https://handrit.is/en/manuscript/list/uniform?v=Aphorismen+%C3%BCber+das+tragische
Browse,https://handrit.is/en/manuscript/browse/uniform,Arons saga,https://handrit.is/en/manuscript/list/uniform?v=Arons+saga
Browse,https://handrit.is/en/manuscript/browse/uniform,Andrarímur,https://handrit.is/en/manuscript/list/uniform?v=Andrar%C3%ADmur
Browse,https://handrit.is/en/manuscript/browse/uniform,Af Möngu og Tómasi presti,https://handrit.is/en/manuscript/list/uniform?v=Af+M%C3%B6ngu+og+T%C3%B3masi+presti
Browse,https://handrit.is/en/manuscript/browse/uniform,Arnar rímur,https://handrit.is/en/manuscript/list/uniform?v=Arnar+r%C3%ADmur
,https://handrit.is/en/manuscript/list/keyword/kvad,117,https://handrit.is/en/manuscript/list.browser.pager/117?t:ac=keyword/kvad
Laws,https://handrit.is/en/manuscript/list/keyword/log,25,https://handrit.is/en/manuscript/list.browser.pager/25?t:ac=keyword/log
Browse,https://handrit.is/en/manuscript/browse/uniform,Af Upplendinga konungum (4),https://handrit.is/en/manuscript/list/uniform?v=Af+Upplendinga+konungum
More Details,https://handrit.is/en/biography/view/FreRos001,AM 11 8vo,https://handrit.is/en/manuscript/view/AM08-0011
More Details,https://handrit.is/en/biography/view/ArnMag001,AM 1 e alfa fol.,https://handrit.is/en/manuscript/view/AM02-0001-e-alpha
Browse,https://handrit.is/en/manuscript/browse/uniform,Af Þormóði og Hafneyja-Gvendi,https://handrit.is/en/manuscript/list/uniform?v=Af+%C3%9Eorm%C3%B3%C3%B0i+og+Hafneyja-Gvendi
,https://handrit.is/en/manuscript/list/keyword/kvad,AM 242 fol.,https://handrit.is/en/manuscript/view/AM02-0242
,https://handrit.is/en/manuscript/list/keyword/sagnfr,16,https://handrit.is/en/manuscript/list.browser.pager/16?t:ac=keyword/sagnfr
Browse,https://handrit.is/en/manuscript/browse/uniform,Agathu saga (2),https://handrit.is/en/manuscript/list/uniform?v=Agathu+saga
Browse,https://handrit.is/en/manuscript/browse/uniform,A Dialogue between Eternal Wisdom and the Disciple (from: The Clock of Wisdom),https://handrit.is/en/manuscript/list/uniform?v=A+Dialogue+between+Eternal+Wisdom+and+the+Disciple+%28from%3A+The+Clock+of+Wisdom%29
More Details,https://handrit.is/en/biography/view/FreRos001,AM 55 4to,https://handrit.is/en/manuscript/view/AM04-0055
«,https://handrit.is/en/manuscript/view/en/AM04-0045,On the Architecture of Germanic-Roman Empire,https://handrit.is/en/manuscript/view/en/AM04-0045#section_5
handrit.is,https://handrit.is/en/,Lbs 331 4to,https://handrit.is/en/manuscript/view/is/Lbs04-0331
Laws,https://handrit.is/en/manuscript/list/keyword/log,AM 315 h fol.,https://handrit.is/en/manuscript/view/AM02-0315-h
Browse,https://handrit.is/en/manuscript/browse/uniform,Almanak for 1845,https://handrit.is/en/manuscript/list/uniform?v=Almanak+for+1845
«,https://handrit.is/en/manuscript/view/en/AM04-0045,Liturgical text,https://handrit.is/en/manuscript/view/en/AM04-0045#section_4_1
Browse,https://handrit.is/en/manuscript/browse/uniform,Amúratis saga,https://handrit.is/en/manuscript/list/uniform?v=Am%C3%BAratis+saga
Browse,https://handrit.is/en/manuscript/browse/uniform,"Alfa og omega, upphaf og endir",https://handrit.is/en/manuscript/list/uniform?v=Alfa+og+omega%2C+upphaf+og+endir
Katalog over Den Arnamagnæanske Håndskriftsamling,https://handrit.is/en/bibliography/view/KKKat,308,https://handrit.is/en/bibliography/view.outputassociatedmanuscripts.associated_manuscripts.pager/308?t:ac=KKKat
Browse,https://handrit.is/en/manuscript/browse/uniform,Arngerðarljóð,https://handrit.is/en/manuscript/list/uniform?v=Arnger%C3%B0arlj%C3%B3%C3%B0
Browse,https://handrit.is/en/manuscript/browse/uniform,Annálskvæði (5),https://handrit.is/en/manuscript/list/uniform?v=Ann%C3%A1lskv%C3%A6%C3%B0i
handrit.is,https://handrit.is/en/,GKS 1005 fol.,https://handrit.is/en/manuscript/view/is/GKS02-1005
Browse,https://handrit.is/en/manuscript/browse/uniform,Arngríms synir (Hjálmars kvæði),https://handrit.is/en/manuscript/list/uniform?v=Arngr%C3%ADms+synir+%28Hj%C3%A1lmars+kv%C3%A6%C3%B0i%29
Browse,https://handrit.is/en/manuscript/browse/uniform,Alþingi hið nía,https://handrit.is/en/manuscript/list/uniform?v=Al%C3%BEingi+hi%C3%B0+n%C3%ADa
handrit.is,https://handrit.is/en/,ÍB 70 4to,https://handrit.is/en/manuscript/view/is/IB04-0070
Browse,https://handrit.is/en/manuscript/browse/uniform,"Aví, aví, mig auman mann! …",https://handrit.is/en/manuscript/list/uniform?v=Av%C3%AD%2C+av%C3%AD%2C+mig+auman+mann%21+%E2%80%A6
Browse,https://handrit.is/en/manuscript/browse/uniform,Arngrímur lögsagnari drepur útilegumann,https://handrit.is/en/manuscript/list/uniform?v=Arngr%C3%ADmur+l%C3%B6gsagnari+drepur+%C3%BAtilegumann
Browse,https://handrit.is/en/manuscript/browse/uniform,Alexanders sögu,https://handrit.is/en/manuscript/list/uniform?v=Alexanders+s%C3%B6gu
Browse,https://handrit.is/en/manuscript/browse/uniform,Angaaende Folkemængen i Island,https://handrit.is/en/manuscript/list/uniform?v=Angaaende+Folkem%C3%A6ngen+i+Island
Browse,https://handrit.is/en/manuscript/browse/uniform,Að gjalda Torfalögin,https://handrit.is/en/manuscript/list/uniform?v=A%C3%B0+gjalda+Torfal%C3%B6gin
View Images,https://handrit.is/en/manuscript/imaging/en/AM02-0201,AM 201 fol.,https://handrit.is/en/manuscript/view/en/AM02-0201
handrit.is,https://handrit.is/en/,Lbs 10 fol.,https://handrit.is/en/manuscript/view/is/Lbs02-0010
Browse,https://handrit.is/en/manuscript/browse/uniform,Amalíu saga keisaradóttur (8),https://handrit.is/en/manuscript/list/uniform?v=Amal%C3%ADu+saga+keisarad%C3%B3ttur
Browse,https://handrit.is/en/manuscript/browse/uniform,Aldarháttur Þorláks Guðbrandssona,https://handrit.is/en/manuscript/list/uniform?v=Aldarh%C3%A1ttur+%C3%9Eorl%C3%A1ks+Gu%C3%B0brandssona
»,https://handrit.is/en/manuscript/view/en/AM04-0354,Hervararsaga,https://handrit.is/en/bibliography/view/hervararsaga1785
Laws,https://handrit.is/en/manuscript/list/keyword/log,AM 310 fol.,https://handrit.is/en/manuscript/view/AM02-0310
Browse,https://handrit.is/en/manuscript/browse/uniform,Places,https://handrit.is/en/manuscript/browse/places
Browse,https://handrit.is/en/manuscript/browse/uniform,Ave Maria (4),https://handrit.is/en/manuscript/list/uniform?v=Ave+Maria
Browse,https://handrit.is/en/manuscript/browse/uniform,Anecdoton historiam Sverreri regis Norvegiæ illustrans,https://handrit.is/en/manuscript/list/uniform?v=Anecdoton+historiam+Sverreri+regis+Norvegi%C3%A6+illustrans
Browse,https://handrit.is/en/manuscript/browse/uniform,Austmansríma,https://handrit.is/en/manuscript/list/uniform?v=Austmansr%C3%ADma
Browse,https://handrit.is/en/manuscript/browse/uniform,Annálar Sveins lögmanns Sölvasonar (2),https://handrit.is/en/manuscript/list/uniform?v=Ann%C3%A1lar+Sveins+l%C3%B6gmanns+S%C3%B6lvasonar
,https://handrit.is/en/manuscript/list/keyword/kvad,AM 7 fol.,https://handrit.is/en/manuscript/view/AM02-007
Click for larger,https://handrit.is/en/manuscript/imaging/en/AM04-0046/164r-165r#content,AM 46 4to,https://handrit.is/en/manuscript/view/en/AM04-0046
«,https://handrit.is/en/manuscript/view/en/AM02-020-h,Wilhelmi Wormii,https://handrit.is/en/biography/view/WilWor001
Browse,https://handrit.is/en/manuscript/browse/uniform,Af drengnum í Dyrhólaey,https://handrit.is/en/manuscript/list/uniform?v=Af+drengnum+%C3%AD+Dyrh%C3%B3laey
,https://handrit.is/en/manuscript/view.outerlayout.language/is?t:ac=en/AM02-0201,Skoða myndir,https://handrit.is/is/manuscript/imaging/en/AM02-0201
Browse,https://handrit.is/en/manuscript/browse/uniform,Annales Danici Sorani,https://handrit.is/en/manuscript/list/uniform?v=Annales+Danici+Sorani
Browse,https://handrit.is/en/manuscript/browse/uniform,Annes og eyjar,https://handrit.is/en/manuscript/list/uniform?v=Annes+og+eyjar
Browse,https://handrit.is/en/manuscript/browse/uniform,Abi male spirite!,https://handrit.is/en/manuscript/list/uniform?v=Abi+male+spirite%21
Browse,https://handrit.is/en/manuscript/browse/uniform,Abúlkassem saga ríka,https://handrit.is/en/manuscript/list/uniform?v=Ab%C3%BAlkassem+saga+r%C3%ADka
Browse,https://handrit.is/en/manuscript/browse/uniform,Aræ Multiscii Schedæ de Islandia,https://handrit.is/en/manuscript/list/uniform?v=Ar%C3%A6+Multiscii+Sched%C3%A6+de+Islandia
Browse,https://handrit.is/en/manuscript/browse/uniform,Atli (2),https://handrit.is/en/manuscript/list/uniform?v=Atli
Browse,https://handrit.is/en/manuscript/browse/uniform,Alexanders saga (18),https://handrit.is/en/manuscript/list/uniform?v=Alexanders+saga
Katalog over Den Arnamagnæanske Håndskriftsamling,https://handrit.is/en/bibliography/view/KKKat,Acc. 4 c I[2],https://handrit.is/en/manuscript/view/Acc-0004-c-I-2
Browse,https://handrit.is/en/manuscript/browse/uniform,Austfirðingasögur,https://handrit.is/en/manuscript/list/uniform?v=Austfir%C3%B0ingas%C3%B6gur
Browse,https://handrit.is/en/manuscript/browse/uniform,Agǫtu saga,https://handrit.is/en/manuscript/list/uniform?v=Ag%C7%ABtu+saga
Laws,https://handrit.is/en/manuscript/list/keyword/log,AM 314 fol.,https://handrit.is/en/manuscript/view/AM02-0314
Browse,https://handrit.is/en/manuscript/browse/uniform,Af föðurs hjarta barn er borið …,https://handrit.is/en/manuscript/list/uniform?v=Af+f%C3%B6%C3%B0urs+hjarta+barn+er+bori%C3%B0+%E2%80%A6
Browse,https://handrit.is/en/manuscript/browse/uniform,Annales Danici Sorani 1202-1347,https://handrit.is/en/manuscript/list/uniform?v=Annales+Danici+Sorani+1202-1347
Browse,https://handrit.is/en/manuscript/browse/uniform,Ad vesperas,https://handrit.is/en/manuscript/list/uniform?v=Ad+vesperas
Canon law,https://handrit.is/en/manuscript/list/keyword/klog,AM 309 fol.,https://handrit.is/en/manuscript/view/AM02-309
Browse,https://handrit.is/en/manuscript/browse/uniform,Andreas Saga Postola,https://handrit.is/en/manuscript/list/uniform?v=Andreas+Saga+Postola
,https://handrit.is/en/manuscript/list/keyword/kvad,116,https://handrit.is/en/manuscript/list.browser.pager/116?t:ac=keyword/kvad
Browse,https://handrit.is/en/manuscript/browse/uniform,Auðunar þáttr,https://handrit.is/en/manuscript/list/uniform?v=Au%C3%B0unar+%C3%BE%C3%A1ttr
,https://handrit.is/en/manuscript/view.outerlayout.language/da?t:ac=en/AM02-0201,Vis billeder,https://handrit.is/da/manuscript/imaging/en/AM02-0201
Browse,https://handrit.is/en/manuscript/browse/uniform,Angankári,https://handrit.is/en/manuscript/list/uniform?v=Angank%C3%A1ri
handrit.is,https://handrit.is/en/,AM 325 II 4to,https://handrit.is/en/manuscript/view/AM04-0325-II
Browse,https://handrit.is/en/manuscript/browse/uniform,Apocalypsis beati Ioannis Apostoli,https://handrit.is/en/manuscript/list/uniform?v=Apocalypsis+beati+Ioannis+Apostoli
Browse,https://handrit.is/en/manuscript/browse/uniform,Afdrif Brands,https://handrit.is/en/manuscript/list/uniform?v=Afdrif+Brands
Browse,https://handrit.is/en/manuscript/browse/uniform,Ajax rímur keisarasonar og bræðra hans,https://handrit.is/en/manuscript/list/uniform?v=Ajax+r%C3%ADmur+keisarasonar+og+br%C3%A6%C3%B0ra+hans
Browse,https://handrit.is/en/manuscript/browse/uniform,Andreas saga postola (13),https://handrit.is/en/manuscript/list/uniform?v=Andreas+saga+postola
handrit.is,https://handrit.is/en/,AM 431 12mo,https://handrit.is/en/manuscript/view/is/AM12-0431
Browse,https://handrit.is/en/manuscript/browse/uniform,"Additiones fra 1277, 1282 og 1283",https://handrit.is/en/manuscript/list/uniform?v=Additiones+fra+1277%2C+1282+og+1283
Browse,https://handrit.is/en/manuscript/browse/uniform,Adagilogicum Islandicum,https://handrit.is/en/manuscript/list/uniform?v=Adagilogicum+Islandicum
Browse,https://handrit.is/en/manuscript/browse/uniform,Almanak nítjándu og tuttugustu aldar,https://handrit.is/en/manuscript/list/uniform?v=Almanak+n%C3%ADtj%C3%A1ndu+og+tuttugustu+aldar
Browse,https://handrit.is/en/manuscript/browse/uniform,Agöthu saga,https://handrit.is/en/manuscript/list/uniform?v=Ag%C3%B6thu+saga
Browse,https://handrit.is/en/manuscript/browse/uniform,Af Eiriki rauða,https://handrit.is/en/manuscript/list/uniform?v=Af+Eiriki+rau%C3%B0a
Browse,https://handrit.is/en/manuscript/browse/uniform,Aldrei sá eg mjórri mann,https://handrit.is/en/manuscript/list/uniform?v=Aldrei+s%C3%A1+eg+mj%C3%B3rri+mann
Browse,https://handrit.is/en/manuscript/browse/uniform,Axarhamarskvæði (5),https://handrit.is/en/manuscript/list/uniform?v=Axarhamarskv%C3%A6%C3%B0i
Browse,https://handrit.is/en/manuscript/browse/uniform,Andrarímur (fornu),https://handrit.is/en/manuscript/list/uniform?v=Andrar%C3%ADmur+%28fornu%29
Browse,https://handrit.is/en/manuscript/browse/uniform,Organizations,https://handrit.is/en/manuscript/browse/orgs
Browse,https://handrit.is/en/manuscript/browse/uniform,Atlamál (7),https://handrit.is/en/manuscript/list/uniform?v=Atlam%C3%A1l
Browse,https://handrit.is/en/manuscript/browse/uniform,Aldrias táttur,https://handrit.is/en/manuscript/list/uniform?v=Aldrias+t%C3%A1ttur
Laws,https://handrit.is/en/manuscript/list/keyword/log,AM 307 fol.,https://handrit.is/en/manuscript/view/AM02-0307
Browse,https://handrit.is/en/manuscript/browse/uniform,Axarhamarsbragur,https://handrit.is/en/manuscript/list/uniform?v=Axarhamarsbragur
Browse,https://handrit.is/en/manuscript/browse/uniform,Atlas Danicus,https://handrit.is/en/manuscript/list/uniform?v=Atlas+Danicus
Browse,https://handrit.is/en/manuscript/browse/uniform,Alle tre-marks sager som findes i loven,https://handrit.is/en/manuscript/list/uniform?v=Alle+tre-marks+sager+som+findes+i+loven
Browse,https://handrit.is/en/manuscript/browse/uniform,Afmælisdagbók,https://handrit.is/en/manuscript/list/uniform?v=Afm%C3%A6lisdagb%C3%B3k
»,https://handrit.is/en/manuscript/view/en/AM02-0202-g,Nornagests þáttr,https://handrit.is/en/manuscript/view/en/AM02-0202-g#part_1_section_1
View Images,https://handrit.is/en/manuscript/imaging/en/AM02-0201,About the BookReader,https://openlibrary.org/dev/docs/bookreader
Laws,https://handrit.is/en/manuscript/list/keyword/log,AM 304 fol.,https://handrit.is/en/manuscript/view/AM02-0304
Browse,https://handrit.is/en/manuscript/browse/uniform,Arendals forordning,https://handrit.is/en/manuscript/list/uniform?v=Arendals+forordning
Browse,https://handrit.is/en/manuscript/browse/uniform,Annáll 1400-1586,https://handrit.is/en/manuscript/list/uniform?v=Ann%C3%A1ll+1400-1586
Browse,https://handrit.is/en/manuscript/browse/uniform,Aldarfarsbók Páls lögmanns Vídalíns,https://handrit.is/en/manuscript/list/uniform?v=Aldarfarsb%C3%B3k+P%C3%A1ls+l%C3%B6gmanns+V%C3%ADdal%C3%ADns
Browse,https://handrit.is/en/manuscript/browse/uniform,Af ágirnd Absalons erkibiskups ok af einum bónda,https://handrit.is/en/manuscript/list/uniform?v=Af+%C3%A1girnd+Absalons+erkibiskups+ok+af+einum+b%C3%B3nda
Sweriges gamla Lagar,https://handrit.is/en/bibliography/view/CorpJur3,AM 30 8vo,https://handrit.is/en/manuscript/view/AM08-030
Browse,https://handrit.is/en/manuscript/browse/uniform,Andra rímur (6),https://handrit.is/en/manuscript/list/uniform?v=Andra+r%C3%ADmur
«,https://handrit.is/en/manuscript/view/en/AM04-0045,Mass of the Five Wounds,https://handrit.is/en/manuscript/view/en/AM04-0045#section_4
Sweriges gamla Lagar,https://handrit.is/en/bibliography/view/CorpJur3,AM 49 4to,https://handrit.is/en/manuscript/view/AM04-0049
«,https://handrit.is/en/manuscript/view/en/AM04-0045,"Skånelagen med Andreas Sunessons latinska bearbetning, Skånska Kyrkarätten och Stadsrätten, samt åtskilliga stadgar för Skåne. Codex Juris Scanici expositio latine conscripta ab Andrea Sunonis f. archiepiscopo Lundensi, Codices juris ecclesiastici ac urbici Scaniae, et statuta diversa Scaniam spectantia, Corpus juris Sueo-Gotorum antiqui: Samling af Sweriges Gamla Lagar",https://handrit.is/en/bibliography/view/CorpJur9
Click for larger,https://handrit.is/en/manuscript/imaging/en/AM04-0046/164r-165r#content,164r  (1 of 3),https://handrit.is/en/manuscript/imaging/en/AM04-0046/164r-165r#
Browse,https://handrit.is/en/manuscript/browse/uniform,Ad laudes,https://handrit.is/en/manuscript/list/uniform?v=Ad+laudes
More Details,https://handrit.is/en/biography/view/ArnMag001,189,https://handrit.is/en/biography/view.outputassociatedmanuscripts.associated_manuscripts.pager/189?t:ac=ArnMag001
Browse,https://handrit.is/en/manuscript/browse/uniform,Aldahrollur,https://handrit.is/en/manuscript/list/uniform?v=Aldahrollur
Browse,https://handrit.is/en/manuscript/browse/uniform,Alþingisdómur.,https://handrit.is/en/manuscript/list/uniform?v=Al%C3%BEingisd%C3%B3mur.
Browse,https://handrit.is/en/manuscript/browse/uniform,Adagia,https://handrit.is/en/manuscript/list/uniform?v=Adagia
Laws,https://handrit.is/en/manuscript/list/keyword/log,24,https://handrit.is/en/manuscript/list.browser.pager/24?t:ac=keyword/log
Browse,https://handrit.is/en/manuscript/browse/uniform,Afrit af vitinsburði um jörðina Munaðarnes.,https://handrit.is/en/manuscript/list/uniform?v=Afrit+af+vitinsbur%C3%B0i+um+j%C3%B6r%C3%B0ina+Muna%C3%B0arnes.
Browse,https://handrit.is/en/manuscript/browse/uniform,Annotiationes in psalmos,https://handrit.is/en/manuscript/list/uniform?v=Annotiationes+in+psalmos
handrit.is,https://handrit.is/en/,Advanced,https://handrit.is/en/search/regular
Katalog over Den Arnamagnæanske Håndskriftsamling,https://handrit.is/en/bibliography/view/KKKat,Acc. 4 c I[5],https://handrit.is/en/manuscript/view/Acc-0004-c-I-5
Browse,https://handrit.is/en/manuscript/browse/uniform,Almáttugur Guð andi þinn,https://handrit.is/en/manuscript/list/uniform?v=Alm%C3%A1ttugur+Gu%C3%B0+andi+%C3%BEinn
Sweriges Gamla Lagar 11,https://handrit.is/en/bibliography/view/CorpJur11,AM 420 fol.,https://handrit.is/en/manuscript/view/AM02-0420
«,https://handrit.is/en/manuscript/view/en/AM04-0045,Thirty Days of Each Month,https://handrit.is/en/manuscript/view/en/AM04-0045#section_2
handrit.is,https://handrit.is/en/,JS 337 4to,https://handrit.is/en/manuscript/view/is/JS04-0337
Browse,https://handrit.is/en/manuscript/browse/uniform,Almanök 1879-1891,https://handrit.is/en/manuscript/list/uniform?v=Alman%C3%B6k+1879-1891
Browse,https://handrit.is/en/manuscript/browse/uniform,People,https://handrit.is/en/manuscript/browse/people
Browse,https://handrit.is/en/manuscript/browse/uniform,Axar beitir loks nú lætur (2),https://handrit.is/en/manuscript/list/uniform?v=Axar+beitir+loks+n%C3%BA+l%C3%A6tur
Browse,https://handrit.is/en/manuscript/browse/uniform,Aff eydom,https://handrit.is/en/manuscript/list/uniform?v=Aff+eydom
Browse,https://handrit.is/en/manuscript/browse/uniform,Arnkelsrímur,https://handrit.is/en/manuscript/list/uniform?v=Arnkelsr%C3%ADmur
»,https://handrit.is/en/manuscript/view/en/AM04-0354,"Heiðreks saga: Hervarar saga ok Heiðreks konungs, STUAGNL",https://handrit.is/en/bibliography/view/STUAGNL48
Browse,https://handrit.is/en/manuscript/browse/uniform,Andreasdiktur (3),https://handrit.is/en/manuscript/list/uniform?v=Andreasdiktur
Browse,https://handrit.is/en/manuscript/browse/uniform,A Dictionary of Old Norse Prose,https://handrit.is/en/manuscript/list/uniform?v=A+Dictionary+of+Old+Norse+Prose
Browse,https://handrit.is/en/manuscript/browse/uniform,"Additiones from 1277, 1282, and 1283",https://handrit.is/en/manuscript/list/uniform?v=Additiones+from+1277%2C+1282%2C+and+1283
Browse,https://handrit.is/en/manuscript/browse/uniform,Articuli fidei,https://handrit.is/en/manuscript/list/uniform?v=Articuli+fidei
Browse,https://handrit.is/en/manuscript/browse/uniform,Allir erum vér breiskir,https://handrit.is/en/manuscript/list/uniform?v=Allir+erum+v%C3%A9r+breiskir
,https://handrit.is/en/manuscript/list/keyword/kvad,AM 20 e-g & i fol.,https://handrit.is/en/manuscript/view/AM02-0020-e-g
,https://handrit.is/en/manuscript/list/keyword/sagnfr,AM 191 fol.,https://handrit.is/en/manuscript/view/AM02-0191
Browse,https://handrit.is/en/manuscript/browse/uniform,Bibliography,https://handrit.is/en/manuscript/browse/bibliography
Browse,https://handrit.is/en/manuscript/browse/uniform,Keywords,https://handrit.is/en/manuscript/browse/keyword
Canon law,https://handrit.is/en/manuscript/list/keyword/klog,AM 60 4to,https://handrit.is/en/manuscript/view/AM04-0060
«,https://handrit.is/en/manuscript/view/en/AM04-0045,Annalistic Notes Concerning the History of Sweden,https://handrit.is/en/manuscript/view/en/AM04-0045#section_8
handrit.is,https://handrit.is/en/,National Museum of Iceland,https://handrit.is/en/institution/collectionsview/TMS
Browse,https://handrit.is/en/manuscript/browse/uniform,Almanök (6),https://handrit.is/en/manuscript/list/uniform?v=Alman%C3%B6k
Browse,https://handrit.is/en/manuscript/browse/uniform,Antiquitates Romanæ (2),https://handrit.is/en/manuscript/list/uniform?v=Antiquitates+Roman%C3%A6
Browse,https://handrit.is/en/manuscript/browse/uniform,Andrés saga postula (3),https://handrit.is/en/manuscript/list/uniform?v=Andr%C3%A9s+saga+postula
Katalog over Den Arnamagnæanske Håndskriftsamling,https://handrit.is/en/bibliography/view/KKKat,Acc. 2,https://handrit.is/en/manuscript/view/Acc-0002
Browse,https://handrit.is/en/manuscript/browse/uniform,Antóníus saga,https://handrit.is/en/manuscript/list/uniform?v=Ant%C3%B3n%C3%ADus+saga
»,https://handrit.is/en/manuscript/view/en/AM02-0202-g,Den store Saga om Olav den Hellige,https://handrit.is/en/bibliography/view/OlHJH
Browse,https://handrit.is/en/manuscript/browse/uniform,A Judge's Prayer,https://handrit.is/en/manuscript/list/uniform?v=A+Judge%27s+Prayer
Browse,https://handrit.is/en/manuscript/browse/uniform,An Oath of the Citicens of Bergen,https://handrit.is/en/manuscript/list/uniform?v=An+Oath+of+the+Citicens+of+Bergen
Browse,https://handrit.is/en/manuscript/browse/uniform,Almanak með rómversku og kirkjulegu rímtali,https://handrit.is/en/manuscript/list/uniform?v=Almanak+me%C3%B0+r%C3%B3mversku+og+kirkjulegu+r%C3%ADmtali
Canon law,https://handrit.is/en/manuscript/list/keyword/klog,AM 355 a fol.,https://handrit.is/en/manuscript/view/AM02-0355-a
Browse,https://handrit.is/en/manuscript/browse/uniform,Ambrosius saga,https://handrit.is/en/manuscript/list/uniform?v=Ambrosius+saga
Browse,https://handrit.is/en/manuscript/browse/uniform,Að iðka gott með æru,https://handrit.is/en/manuscript/list/uniform?v=A%C3%B0+i%C3%B0ka+gott+me%C3%B0+%C3%A6ru
handrit.is,https://handrit.is/en/,Listi yfir handrit þar sem Árni hefur skrifað á seðil,https://handrit.is/en/search/results/jDDN9n
Browse,https://handrit.is/en/manuscript/browse/uniform,Af Fúsa og Sigurði Dalaskáldi,https://handrit.is/en/manuscript/list/uniform?v=Af+F%C3%BAsa+og+Sigur%C3%B0i+Dalask%C3%A1ldi
Browse,https://handrit.is/en/manuscript/browse/uniform,Arnórs þáttur jarlaskálds,https://handrit.is/en/manuscript/list/uniform?v=Arn%C3%B3rs+%C3%BE%C3%A1ttur+jarlask%C3%A1lds
Browse,https://handrit.is/en/manuscript/browse/uniform,Anecdoton hist. Sverreri regis Norv. illustrans (2),https://handrit.is/en/manuscript/list/uniform?v=Anecdoton+hist.+Sverreri+regis+Norv.+illustrans
,https://handrit.is/en/manuscript/list/keyword/kvad,AM 241 a I fol.,https://handrit.is/en/manuscript/view/AM02-0241-a-I
More Details,https://handrit.is/en/biography/view/ArnMag001,Acc. 35,https://handrit.is/en/manuscript/view/Acc-0035
Browse,https://handrit.is/en/manuscript/browse/uniform,Amlóða saga (5),https://handrit.is/en/manuscript/list/uniform?v=Aml%C3%B3%C3%B0a+saga
»,https://handrit.is/en/manuscript/view/en/AM04-0354,"Jónsbók: Kong Magnus Hakonssons Lovbog for Island, vedtaget paa Altinget 1281, og Réttarbøtr, de for Island givne Retterbøder af 1294, 1305 og 1314",https://handrit.is/en/bibliography/view/Jonsbok1904
Browse,https://handrit.is/en/manuscript/browse/uniform,Af Jóni og sýslumanni (2),https://handrit.is/en/manuscript/list/uniform?v=Af+J%C3%B3ni+og+s%C3%BDslumanni
handrit.is,https://handrit.is/en/,AM 147 4to,https://handrit.is/en/manuscript/view/is/AM04-0147
Browse,https://handrit.is/en/manuscript/browse/uniform,"Af hjarta, hug og munni",https://handrit.is/en/manuscript/list/uniform?v=Af+hjarta%2C+hug+og+munni
Browse,https://handrit.is/en/manuscript/browse/uniform,Arnljóts saga Upplendingakappa (2),https://handrit.is/en/manuscript/list/uniform?v=Arnlj%C3%B3ts+saga+Upplendingakappa
Katalog over Den Arnamagnæanske Håndskriftsamling,https://handrit.is/en/bibliography/view/KKKat,Acc. 4 c I[3],https://handrit.is/en/manuscript/view/Acc-0004-c-I-3
»,https://handrit.is/en/manuscript/view/en/AM04-0354,Hervarar saga,https://handrit.is/en/manuscript/view/en/AM04-0354#section_1
Canon law,https://handrit.is/en/manuscript/list/keyword/klog,AM 57 4to,https://handrit.is/en/manuscript/view/AM04-0057
Browse,https://handrit.is/en/manuscript/browse/uniform,Articles by the Clerc Thord (2),https://handrit.is/en/manuscript/list/uniform?v=Articles+by+the+Clerc+Thord
Browse,https://handrit.is/en/manuscript/browse/uniform,Anna Brades Bønnebog,https://handrit.is/en/manuscript/list/uniform?v=Anna+Brades+B%C3%B8nnebog
,https://handrit.is/en/manuscript/list/keyword/kvad,AM 241 b VIII fol.,https://handrit.is/en/manuscript/view/AM02-0241-b-VIII
Browse,https://handrit.is/en/manuscript/browse/uniform,Aladins æfintýr,https://handrit.is/en/manuscript/list/uniform?v=Aladins+%C3%A6fint%C3%BDr
More Details,https://handrit.is/en/biography/view/ArnMag001,Acc. 45 d,https://handrit.is/en/manuscript/view/Acc-0045-d
More Details,https://handrit.is/en/biography/view/ArnMag001,AM 1 d beta fol.,https://handrit.is/en/manuscript/view/AM02-0001-d-beta
Browse,https://handrit.is/en/manuscript/browse/uniform,Aví óart mína,https://handrit.is/en/manuscript/list/uniform?v=Av%C3%AD+%C3%B3art+m%C3%ADna
Browse,https://handrit.is/en/manuscript/browse/uniform,Verses,https://handrit.is/en/manuscript/browse/verse
Browse,https://handrit.is/en/manuscript/browse/uniform,Antons saga greifasonar (2),https://handrit.is/en/manuscript/list/uniform?v=Antons+saga+greifasonar
Browse,https://handrit.is/en/manuscript/browse/uniform,Afturgangan,https://handrit.is/en/manuscript/list/uniform?v=Afturgangan
Browse,https://handrit.is/en/manuscript/browse/uniform,Almanak 1856,https://handrit.is/en/manuscript/list/uniform?v=Almanak+1856
Browse,https://handrit.is/en/manuscript/browse/uniform,Arnarrímur,https://handrit.is/en/manuscript/list/uniform?v=Arnarr%C3%ADmur
Browse,https://handrit.is/en/manuscript/browse/uniform,Atlakviða (10),https://handrit.is/en/manuscript/list/uniform?v=Atlakvi%C3%B0a
Browse,https://handrit.is/en/manuscript/browse/uniform,Acta sanctorum,https://handrit.is/en/manuscript/list/uniform?v=Acta+sanctorum
Canon law,https://handrit.is/en/manuscript/list/keyword/klog,AM 327 fol.,https://handrit.is/en/manuscript/view/AM02-0327
Browse,https://handrit.is/en/manuscript/browse/uniform,Að sauðarþjófur í sauðargæru (2),https://handrit.is/en/manuscript/list/uniform?v=A%C3%B0+sau%C3%B0ar%C3%BEj%C3%B3fur+%C3%AD+sau%C3%B0arg%C3%A6ru
View Images,https://handrit.is/en/manuscript/imaging/en/AM02-0201,Front (r) (1 of 218),https://handrit.is/en/manuscript/imaging/en/AM02-0201#
handrit.is,https://handrit.is/en/,Listi yfir mynduð handrit í Árnastofnun,https://handrit.is/en/search/results/1rGzyl
«,https://handrit.is/en/manuscript/view/en/AM02-020-h,Willum Worm,https://handrit.is/en/biography/view/WilWor001
Browse,https://handrit.is/en/manuscript/browse/uniform,"Alia constitucio Voldemari regis, 1354",https://handrit.is/en/manuscript/list/uniform?v=Alia+constitucio+Voldemari+regis%2C+1354
Browse,https://handrit.is/en/manuscript/browse/uniform,An Account of Iceland and the Greenland fisheries (1820),https://handrit.is/en/manuscript/list/uniform?v=An+Account+of+Iceland+and+the+Greenland+fisheries+%281820%29
Browse,https://handrit.is/en/manuscript/browse/uniform,Artimundar saga sterka,https://handrit.is/en/manuscript/list/uniform?v=Artimundar+saga+sterka
Laws,https://handrit.is/en/manuscript/list/keyword/log,AM 312 fol.,https://handrit.is/en/manuscript/view/AM02-0312
Browse,https://handrit.is/en/manuscript/browse/uniform,Ad observationes amica responsio,https://handrit.is/en/manuscript/list/uniform?v=Ad+observationes+amica+responsio
Browse,https://handrit.is/en/manuscript/browse/uniform,Aldarháttur (9),https://handrit.is/en/manuscript/list/uniform?v=Aldarh%C3%A1ttur
Browse,https://handrit.is/en/manuscript/browse/uniform,Allt í grænum sjó,https://handrit.is/en/manuscript/list/uniform?v=Allt+%C3%AD+gr%C3%A6num+sj%C3%B3
Browse,https://handrit.is/en/manuscript/browse/uniform,Adonías saga (2),https://handrit.is/en/manuscript/list/uniform?v=Adon%C3%ADas+saga
Laws,https://handrit.is/en/manuscript/list/keyword/log,AM 315 i fol.,https://handrit.is/en/manuscript/view/AM02-0315-i
Browse,https://handrit.is/en/manuscript/browse/uniform,Arineldur,https://handrit.is/en/manuscript/list/uniform?v=Arineldur
Browse,https://handrit.is/en/manuscript/browse/uniform,Almáttugur Guð þín gæti,https://handrit.is/en/manuscript/list/uniform?v=Alm%C3%A1ttugur+Gu%C3%B0+%C3%BE%C3%ADn+g%C3%A6ti
Browse,https://handrit.is/en/manuscript/browse/uniform,Agnars konungs ævi Hróarssonar (18),https://handrit.is/en/manuscript/list/uniform?v=Agnars+konungs+%C3%A6vi+Hr%C3%B3arssonar
Browse,https://handrit.is/en/manuscript/browse/uniform,Af sauðamanni og bónda,https://handrit.is/en/manuscript/list/uniform?v=Af+sau%C3%B0amanni+og+b%C3%B3nda
Browse,https://handrit.is/en/manuscript/browse/uniform,Augustinus saga,https://handrit.is/en/manuscript/list/uniform?v=Augustinus+saga
More Details,https://handrit.is/en/biography/view/FreRos001,Acc. 23,https://handrit.is/en/manuscript/view/Acc-0023
Browse,https://handrit.is/en/manuscript/browse/uniform,Andrésarkvæði,https://handrit.is/en/manuscript/list/uniform?v=Andr%C3%A9sarkv%C3%A6%C3%B0i
Browse,https://handrit.is/en/manuscript/browse/uniform,Aldrei skal ég stela,https://handrit.is/en/manuscript/list/uniform?v=Aldrei+skal+%C3%A9g+stela
Browse,https://handrit.is/en/manuscript/browse/uniform,Að ríða góðum reiðarglað ótrauðum (2),https://handrit.is/en/manuscript/list/uniform?v=A%C3%B0+r%C3%AD%C3%B0a+g%C3%B3%C3%B0um+rei%C3%B0argla%C3%B0+%C3%B3trau%C3%B0um
Browse,https://handrit.is/en/manuscript/browse/uniform,Ad sextam,https://handrit.is/en/manuscript/list/uniform?v=Ad+sextam
More Details,https://handrit.is/en/biography/view/RasRas001,Dansk Bibliografisk Leksikon,https://handrit.is/en/bibliography/view/DBL
Browse,https://handrit.is/en/manuscript/browse/uniform,Andréas saga postula (8),https://handrit.is/en/manuscript/list/uniform?v=Andr%C3%A9as+saga+postula
«,https://handrit.is/en/manuscript/view/en/AM04-0045,Two Articles from Magnus Eriksson's Town Law,https://handrit.is/en/manuscript/view/en/AM04-0045#section_6
Browse,https://handrit.is/en/manuscript/browse/uniform,Almanak með minnispunktum,https://handrit.is/en/manuscript/list/uniform?v=Almanak+me%C3%B0+minnispunktum
Laws,https://handrit.is/en/manuscript/list/keyword/log,AM 315 f fol.,https://handrit.is/en/manuscript/view/AM02-0315-f
Canon law,https://handrit.is/en/manuscript/list/keyword/klog,AM 58 4to,https://handrit.is/en/manuscript/view/AM04-0058
Browse,https://handrit.is/en/manuscript/browse/uniform,Albanus saga Vigvallissonar,https://handrit.is/en/manuscript/list/uniform?v=Albanus+saga+Vigvallissonar
Browse,https://handrit.is/en/manuscript/browse/uniform,Arne Magnussons optegnelser,https://handrit.is/en/manuscript/list/uniform?v=Arne+Magnussons+optegnelser
Browse,https://handrit.is/en/manuscript/browse/uniform,A Swedish Chronicle,https://handrit.is/en/manuscript/list/uniform?v=A+Swedish+Chronicle
Browse,https://handrit.is/en/manuscript/browse/uniform,Andreas saga,https://handrit.is/en/manuscript/list/uniform?v=Andreas+saga
Browse,https://handrit.is/en/manuscript/browse/uniform,Auðunar þáttr vestfirska,https://handrit.is/en/manuscript/list/uniform?v=Au%C3%B0unar+%C3%BE%C3%A1ttr+vestfirska
Browse,https://handrit.is/en/manuscript/browse/uniform,Ahmeds saga kongssonar og Paribana huldukonu,https://handrit.is/en/manuscript/list/uniform?v=Ahmeds+saga+kongssonar+og+Paribana+huldukonu
Browse,https://handrit.is/en/manuscript/browse/uniform,Allsherjargoðinn,https://handrit.is/en/manuscript/list/uniform?v=Allsherjargo%C3%B0inn
Browse,https://handrit.is/en/manuscript/browse/uniform,Avia Ripensis,https://handrit.is/en/manuscript/list/uniform?v=Avia+Ripensis
Katalog over Den Arnamagnæanske Håndskriftsamling,https://handrit.is/en/bibliography/view/KKKat,View on Bækur.is,http://baekur.is/bok/000215004/1/1/Katalog_over_den_Bindi_1_Bls_1
Browse,https://handrit.is/en/manuscript/browse/uniform,Amoratis saga konungs í Phrygia (3),https://handrit.is/en/manuscript/list/uniform?v=Amoratis+saga+konungs+%C3%AD+Phrygia
Browse,https://handrit.is/en/manuscript/browse/uniform,Agnus Dei,https://handrit.is/en/manuscript/list/uniform?v=Agnus+Dei
Browse,https://handrit.is/en/manuscript/browse/uniform,Aðsókn Brands,https://handrit.is/en/manuscript/list/uniform?v=A%C3%B0s%C3%B3kn+Brands
Browse,https://handrit.is/en/manuscript/browse/uniform,Andra saga jarls,https://handrit.is/en/manuscript/list/uniform?v=Andra+saga+jarls
Browse,https://handrit.is/en/manuscript/browse/uniform,Andlátsfregn séra Lárus Mikael,https://handrit.is/en/manuscript/list/uniform?v=Andl%C3%A1tsfregn+s%C3%A9ra+L%C3%A1rus+Mikael
handrit.is,https://handrit.is/en/,AM 374 fol.,https://handrit.is/en/manuscript/view/AM02-0374
Browse,https://handrit.is/en/manuscript/browse/uniform,Abi Male Spirite,https://handrit.is/en/manuscript/list/uniform?v=Abi+Male+Spirite
More Details,https://handrit.is/en/biography/view/ArnMag001,Acc. 8,https://handrit.is/en/manuscript/view/Acc-0008
Browse,https://handrit.is/en/manuscript/browse/uniform,Artal kongur í Atlandi,https://handrit.is/en/manuscript/list/uniform?v=Artal+kongur+%C3%AD+Atlandi
handrit.is,https://handrit.is/en/,Drög að lista yfir handrit skrifuð fyrir 1501,https://handrit.is/en/search/results/jP4RV0
Browse,https://handrit.is/en/manuscript/browse/uniform,Adams óður,https://handrit.is/en/manuscript/list/uniform?v=Adams+%C3%B3%C3%B0ur
Browse,https://handrit.is/en/manuscript/browse/uniform,Asnavit (2),https://handrit.is/en/manuscript/list/uniform?v=Asnavit
More Details,https://handrit.is/en/biography/view/ArnMag001,AM 1 a fol.,https://handrit.is/en/manuscript/view/AM02-0001-a
Browse,https://handrit.is/en/manuscript/browse/uniform,Supplied Title,https://handrit.is/en/manuscript/browse/supplied
